exposure,outcome,SNP,POS,CHR,EA,OA,proxy.outcome,target_snp.outcome,proxy_snp.outcome,target_a1.outcome,proxy_a1.outcome,target_a2.outcome,proxy_a2.outcome,mr_keep
TNFRSF4,PPP,rs10774600,110741356,12,C,T,NA,NA,NA,NA,NA,NA,NA,TRUE
TNFRSF4,PPP,rs11066309,112840766,12,A,G,TRUE,rs11066309,rs11066283,G,A,A,G,TRUE
TNFRSF4,PPP,rs12208103,107442431,6,T,C,NA,NA,NA,NA,NA,NA,NA,TRUE
TNFRSF4,PPP,rs1260326,27730940,2,T,C,NA,NA,NA,NA,NA,NA,NA,TRUE
TNFRSF4,PPP,rs28640218,20359267,16,T,G,NA,NA,NA,NA,NA,NA,NA,TRUE
TNFRSF4,PPP,rs34676049,28453618,6,G,T,NA,NA,NA,NA,NA,NA,NA,TRUE
TNFRSF4,PPP,rs445926,118666427,12,C,T,NA,NA,NA,NA,NA,NA,NA,TRUE
TNFRSF4,PPP,rs597808,111973358,12,G,A,NA,NA,NA,NA,NA,NA,NA,TRUE
TNFRSF4,PPP,rs7525284,173168397,1,A,G,NA,NA,NA,NA,NA,NA,NA,TRUE
TNFRSF4,PPP,rs78037977,172715702,1,G,A,NA,NA,NA,NA,NA,NA,NA,TRUE
TNFRSF4,PPP,rs78479912,1151917,1,A,G,NA,NA,NA,NA,NA,NA,NA,TRUE
TNFRSF4,PPP,rs7968960,111426615,12,A,C,NA,NA,NA,NA,NA,NA,NA,TRUE
TNFRSF4,PPP,rs8176743,136131415,9,T,C,NA,NA,NA,NA,NA,NA,NA,TRUE
TNFRSF4,PPP,rs9922349,57315033,16,A,C,NA,NA,NA,NA,NA,NA,NA,TRUE